"Emission magnitude [kgh]","Cumulative aerial emissions [kgh]","Cumulative partial emissions [kgh]","Cumulative aerial emissions fraction [%]","Cumulative partial emissions fraction [%]","Cumulative fraction of sites"
0.00000000000000,3427.44032644463050,0.00000000000000,1.00000000000000,0.00000000000000,
550.31783759333540,2877.12248885129500,0.00000000000000,0.83943766041751,0.00000000000000,
734.65815074406830,2142.46433810722700,0.00000000000000,0.62509165267646,0.00000000000000,
843.47703170165150,1298.98730640557550,0.00000000000000,0.37899633040528,0.00000000000000,
1298.98730640557550,0.00000000000000,0.00000000000000,0.00000000000000,0.00000000000000,