"Emission magnitude [kgh]","Cumulative aerial emissions [kgh]","Cumulative partial emissions [kgh]","Cumulative aerial emissions fraction [%]","Cumulative partial emissions fraction [%]","Cumulative fraction of sites"
0.00000000000000,3426.91268610226500,0.00000000000000,1.00000000000000,0.00000000000000,
552.28160069072600,2874.63108541153900,0.00000000000000,0.83883989722572,0.00000000000000,
733.56037006374380,2141.07071534779500,0.00000000000000,0.62478122773038,0.00000000000000,
843.35060489021680,1297.72011045757840,0.00000000000000,0.37868490659842,0.00000000000000,
1297.72011045757840,0.00000000000000,0.00000000000000,0.00000000000000,0.00000000000000,