"Emission magnitude [kgh]","Cumulative aerial emissions [kgh]","Cumulative partial emissions [kgh]","Cumulative aerial emissions fraction [%]","Cumulative partial emissions fraction [%]","Cumulative fraction of sites"
0.00000000000000,3401.99025571434780,0.00000000000000,1.00000000000000,0.00000000000000,
541.35801615964650,2860.63223955470130,0.00000000000000,0.84087020377253,0.00000000000000,
718.16790144747440,2142.46433810722700,0.00000000000000,0.62976792320569,0.00000000000000,
843.47703170165150,1298.98730640557550,0.00000000000000,0.38183157762538,0.00000000000000,
1298.98730640557550,0.00000000000000,0.00000000000000,0.00000000000000,0.00000000000000,