"Emission magnitude [kgh]","Cumulative aerial emissions [kgh]","Cumulative partial emissions [kgh]","Cumulative aerial emissions fraction [%]","Cumulative partial emissions fraction [%]","Cumulative fraction of sites"
0.00000000000000,3402.56150175710850,0.00000000000000,1.00000000000000,0.00000000000000,
545.88370505139190,2856.67779670571700,0.00000000000000,0.83956683669950,0.00000000000000,
715.60708135792150,2141.07071534779500,0.00000000000000,0.62925261284539,0.00000000000000,
843.35060489021680,1297.72011045757840,0.00000000000000,0.38139504893223,0.00000000000000,
1297.72011045757840,0.00000000000000,0.00000000000000,0.00000000000000,0.00000000000000,