"Emission magnitude [kgh]","Cumulative aerial emissions [kgh]","Cumulative partial emissions [kgh]","Cumulative aerial emissions fraction [%]","Cumulative partial emissions fraction [%]","Cumulative fraction of sites"
0.00000000000000,3367.74640716089330,0.00000000000000,1.00000000000000,0.00000000000000,
513.29713630294450,2854.44927085794870,0.00000000000000,0.84758438604180,0.00000000000000,
711.98493275072170,2142.46433810722740,0.00000000000000,0.63617151622571,0.00000000000000,
843.47703170165150,1298.98730640557550,0.00000000000000,0.38571410948387,0.00000000000000,
1298.98730640557550,0.00000000000000,0.00000000000000,0.00000000000000,0.00000000000000,