"Emission magnitude [kgh]","Cumulative aerial emissions [kgh]","Cumulative partial emissions [kgh]","Cumulative aerial emissions fraction [%]","Cumulative partial emissions fraction [%]","Cumulative fraction of sites"
0.00000000000000,3421.61538924609480,0.00000000000000,1.00000000000000,0.00000000000000,
524.82783964743460,2896.78754959866000,0.00000000000000,0.84661401708183,0.00000000000000,
755.71683425086470,2141.07071534779500,0.00000000000000,0.62574850524610,0.00000000000000,
843.35060489021680,1297.72011045757840,0.00000000000000,0.37927118124855,0.00000000000000,
1297.72011045757840,0.00000000000000,0.00000000000000,0.00000000000000,0.00000000000000,