"Emission magnitude [kgh]","Cumulative aerial emissions [kgh]","Cumulative partial emissions [kgh]","Cumulative aerial emissions fraction [%]","Cumulative partial emissions fraction [%]","Cumulative fraction of sites"
0.00000000000000,3426.96059915577700,0.00000000000000,1.00000000000000,0.00000000000000,
557.93007670108940,2869.03052245468730,0.00000000000000,0.83719390388132,0.00000000000000,
726.56618434746040,2142.46433810722700,0.00000000000000,0.62517915689927,0.00000000000000,
843.47703170165150,1298.98730640557550,0.00000000000000,0.37904938467211,0.00000000000000,
1298.98730640557550,0.00000000000000,0.00000000000000,0.00000000000000,0.00000000000000,