"Emission magnitude [kgh]","Cumulative aerial emissions [kgh]","Cumulative partial emissions [kgh]","Cumulative aerial emissions fraction [%]","Cumulative partial emissions fraction [%]","Cumulative fraction of sites"
0.00000000000000,3371.91840632320740,0.00000000000000,1.00000000000000,0.00000000000000,
532.20814176328260,2839.71026455992500,0.00000000000000,0.84216458477606,0.00000000000000,
697.24592645269790,2142.46433810722700,0.00000000000000,0.63538439544965,0.00000000000000,
843.47703170165150,1298.98730640557550,0.00000000000000,0.38523687405058,0.00000000000000,
1298.98730640557550,0.00000000000000,0.00000000000000,0.00000000000000,0.00000000000000,