"Emission magnitude [kgh]","Cumulative aerial emissions [kgh]","Cumulative partial emissions [kgh]","Cumulative aerial emissions fraction [%]","Cumulative partial emissions fraction [%]","Cumulative fraction of sites"
0.00000000000000,3410.18790856104670,0.00000000000000,1.00000000000000,0.00000000000000,
551.66353681411140,2858.52437174693520,0.00000000000000,0.83823075103011,0.00000000000000,
717.45365639914010,2141.07071534779500,0.00000000000000,0.62784537766168,0.00000000000000,
843.35060489021680,1297.72011045757840,0.00000000000000,0.38054211241549,0.00000000000000,
1297.72011045757840,0.00000000000000,0.00000000000000,0.00000000000000,0.00000000000000,