"Emission magnitude [kgh]","Cumulative aerial emissions [kgh]","Cumulative partial emissions [kgh]","Cumulative aerial emissions fraction [%]","Cumulative partial emissions fraction [%]","Cumulative fraction of sites"
0.00000000000000,3403.75720501730260,0.00000000000000,1.00000000000000,0.00000000000000,
550.36501216786200,2853.39219284944060,0.00000000000000,0.83830661853419,0.00000000000000,
712.32147750164530,2141.07071534779500,0.00000000000000,0.62903156317723,0.00000000000000,
843.35060489021680,1297.72011045757840,0.00000000000000,0.38126106895776,0.00000000000000,
1297.72011045757840,0.00000000000000,0.00000000000000,0.00000000000000,0.00000000000000,