"Emission magnitude [kgh]","Cumulative aerial emissions [kgh]","Cumulative partial emissions [kgh]","Cumulative aerial emissions fraction [%]","Cumulative partial emissions fraction [%]","Cumulative fraction of sites"
0.00000000000000,3393.74173067287400,0.00000000000000,1.00000000000000,0.00000000000000,
498.28107434592060,2895.46065632695350,0.00000000000000,0.85317648958304,0.00000000000000,
752.99631821972630,2142.46433810722700,0.00000000000000,0.63129858077988,0.00000000000000,
843.47703170165150,1298.98730640557550,0.00000000000000,0.38275962329874,0.00000000000000,
1298.98730640557550,0.00000000000000,0.00000000000000,0.00000000000000,0.00000000000000,