"Emission magnitude [kgh]","Cumulative aerial emissions [kgh]","Cumulative partial emissions [kgh]","Cumulative aerial emissions fraction [%]","Cumulative partial emissions fraction [%]","Cumulative fraction of sites"
0.00000000000000,3384.96386758538350,0.00000000000000,1.00000000000000,0.00000000000000,
537.14151867279320,2847.82234891259030,0.00000000000000,0.84131543505782,0.00000000000000,
706.75163356479500,2141.07071534779500,0.00000000000000,0.63252394976821,0.00000000000000,
843.35060489021680,1297.72011045757840,0.00000000000000,0.38337783244442,0.00000000000000,
1297.72011045757840,0.00000000000000,0.00000000000000,0.00000000000000,0.00000000000000,