"Emission magnitude [kgh]","Cumulative aerial emissions [kgh]","Cumulative partial emissions [kgh]","Cumulative aerial emissions fraction [%]","Cumulative partial emissions fraction [%]","Cumulative fraction of sites"
0.00000000000000,3431.18223639827560,0.00000000000000,1.00000000000000,0.00000000000000,
541.99828388655940,2889.18395251171600,0.00000000000000,0.84203745340688,0.00000000000000,
746.71961440448920,2142.46433810722700,0.00000000000000,0.62440995275033,0.00000000000000,
843.47703170165150,1298.98730640557550,0.00000000000000,0.37858301218332,0.00000000000000,
1298.98730640557550,0.00000000000000,0.00000000000000,0.00000000000000,0.00000000000000,