"Emission magnitude [kgh]","Cumulative aerial emissions [kgh]","Cumulative partial emissions [kgh]","Cumulative aerial emissions fraction [%]","Cumulative partial emissions fraction [%]","Cumulative fraction of sites"
0.00000000000000,3389.31738631071600,0.00000000000000,1.00000000000000,0.00000000000000,
531.20272164468920,2858.11466466602700,0.00000000000000,0.84327147295494,0.00000000000000,
717.04394931823160,2141.07071534779500,0.00000000000000,0.63171148385084,0.00000000000000,
843.35060489021680,1297.72011045757840,0.00000000000000,0.38288539034409,0.00000000000000,
1297.72011045757840,0.00000000000000,0.00000000000000,0.00000000000000,0.00000000000000,