"Emission magnitude [kgh]","Cumulative aerial emissions [kgh]","Cumulative partial emissions [kgh]","Cumulative aerial emissions fraction [%]","Cumulative partial emissions fraction [%]","Cumulative fraction of sites"
0.00000000000000,3401.37247027860600,0.00000000000000,1.00000000000000,0.00000000000000,
540.98004898490430,2860.39242129370200,0.00000000000000,0.84095242326090,0.00000000000000,
719.32170594590670,2141.07071534779500,0.00000000000000,0.62947258321651,0.00000000000000,
843.35060489021680,1297.72011045757840,0.00000000000000,0.38152837473612,0.00000000000000,
1297.72011045757840,0.00000000000000,0.00000000000000,0.00000000000000,0.00000000000000,