"Emission magnitude [kgh]","Cumulative aerial emissions [kgh]","Cumulative partial emissions [kgh]","Cumulative aerial emissions fraction [%]","Cumulative partial emissions fraction [%]","Cumulative fraction of sites"
0.00000000000000,3440.26970414727300,0.00000000000000,1.00000000000000,0.00000000000000,
548.55419836361170,2891.71550578366120,0.00000000000000,0.84054907157357,0.00000000000000,
750.64479043586620,2141.07071534779500,0.00000000000000,0.62235548357349,0.00000000000000,
843.35060489021680,1297.72011045757840,0.00000000000000,0.37721464363482,0.00000000000000,
1297.72011045757840,0.00000000000000,0.00000000000000,0.00000000000000,0.00000000000000,