"Emission magnitude [kgh]","Cumulative aerial emissions [kgh]","Cumulative partial emissions [kgh]","Cumulative aerial emissions fraction [%]","Cumulative partial emissions fraction [%]","Cumulative fraction of sites"
0.00000000000000,3379.34229443171500,0.00000000000000,1.00000000000000,0.00000000000000,
552.92681642403590,2826.41547800767880,0.00000000000000,0.83638034615933,0.00000000000000,
683.95113990045210,2142.46433810722700,0.00000000000000,0.63398855500298,0.00000000000000,
843.47703170165150,1298.98730640557550,0.00000000000000,0.38439056870503,0.00000000000000,
1298.98730640557550,0.00000000000000,0.00000000000000,0.00000000000000,0.00000000000000,