"Emission magnitude [kgh]","Cumulative aerial emissions [kgh]","Cumulative partial emissions [kgh]","Cumulative aerial emissions fraction [%]","Cumulative partial emissions fraction [%]","Cumulative fraction of sites"
0.00000000000000,3449.70930630501560,0.00000000000000,1.00000000000000,0.00000000000000,
543.86460794442020,2905.84469836059540,0.00000000000000,0.84234480077773,0.00000000000000,
764.77398301280000,2141.07071534779500,0.00000000000000,0.62065250293251,0.00000000000000,
843.35060489021680,1297.72011045757840,0.00000000000000,0.37618245342752,0.00000000000000,
1297.72011045757840,0.00000000000000,0.00000000000000,0.00000000000000,0.00000000000000,