"Emission magnitude [kgh]","Cumulative aerial emissions [kgh]","Cumulative partial emissions [kgh]","Cumulative aerial emissions fraction [%]","Cumulative partial emissions fraction [%]","Cumulative fraction of sites"
0.00000000000000,3429.68056552252260,0.00000000000000,1.00000000000000,0.00000000000000,
554.49523636542590,2875.18532915709700,0.00000000000000,0.83832452446458,0.00000000000000,
732.72099104986980,2142.46433810722700,0.00000000000000,0.62468334796095,0.00000000000000,
843.47703170165150,1298.98730640557550,0.00000000000000,0.37874877312595,0.00000000000000,
1298.98730640557550,0.00000000000000,0.00000000000000,0.00000000000000,0.00000000000000,